epoch,loss,res_only,res_pearson_coeff,state_only,state_pearson_coeff,val_loss,val_res_only,val_res_pearson_coeff,val_state_only,val_state_pearson_coeff
0,0.5007990598678589,0.2932637929916382,nan,11.667930603027344,inf,0.13869278132915497,0.08083005249500275,nan,1.7057236433029175,43252.02734375
1,0.12419357150793076,0.07363907247781754,nan,1.3437261581420898,67096.9140625,0.10338421911001205,0.06271436810493469,nan,1.1194870471954346,34527.60546875
2,0.1055455356836319,0.06288189440965652,nan,1.0583374500274658,262622.90625,0.089537113904953,0.05403244122862816,nan,0.9354961514472961,160443.671875
3,0.09486142545938492,0.05694892257452011,nan,0.882984459400177,171937.328125,0.083730548620224,0.051857348531484604,nan,0.8528727889060974,534599.5
4,0.09060905873775482,0.054646529257297516,nan,0.8146578073501587,238957.859375,0.08011480420827866,0.049641773104667664,nan,0.884489119052887,225445.90625
5,0.08635223656892776,0.05245691537857056,nan,0.7491519451141357,381912.125,0.077323317527771,0.04816926643252373,nan,0.7362723350524902,200931.453125
6,0.08500534296035767,0.05172080919146538,nan,0.7193986177444458,inf,0.07625336199998856,0.04707922786474228,nan,0.7169346213340759,360203.96875
7,0.08368121832609177,0.05109814554452896,nan,0.701972246170044,inf,0.07431139796972275,0.04668458178639412,nan,0.6946457624435425,284457.90625
8,0.0831739604473114,0.050620075315237045,nan,0.6913811564445496,560281.25,0.07451629638671875,0.04721260815858841,nan,0.6970346570014954,399112.25
9,0.08279115706682205,0.050551775842905045,nan,0.6855605840682983,inf,0.0737314373254776,0.04687219485640526,nan,0.6881533265113831,333764.78125
10,0.08315680921077728,0.05078327655792236,nan,0.6911125779151917,inf,0.07478214055299759,0.04554468020796776,nan,0.6793981790542603,306037.71875
11,0.08200002461671829,0.05044221878051758,nan,0.6885275840759277,422654.09375,0.07335301488637924,0.0451742559671402,nan,0.6711549758911133,430623.40625
12,0.08260919153690338,0.050516922026872635,nan,0.6827285885810852,497874.96875,0.07455021142959595,0.046217069029808044,nan,0.6833227276802063,334805.59375
13,0.08208281546831131,0.050284672528505325,nan,0.6873582005500793,inf,0.07366764545440674,0.04535575211048126,nan,0.6777862310409546,164657.625
14,0.08268386125564575,0.05027031898498535,nan,0.7892381548881531,138752.546875,0.07349900901317596,0.04459087923169136,nan,0.7557361721992493,109676.859375
15,0.11023879051208496,0.0648525133728981,nan,1.517269492149353,inf,0.07780628651380539,0.047943029552698135,nan,1.1035754680633545,618061.0
16,0.0845937505364418,0.05037720873951912,nan,1.0269856452941895,396424.59375,0.07854669541120529,0.046228520572185516,nan,1.0644946098327637,66369.9140625
17,0.0651511549949646,0.039342671632766724,nan,0.6931577920913696,332753.84375,0.05338820070028305,0.033942997455596924,nan,0.6436444520950317,181152.640625
18,0.0551082119345665,0.03352079540491104,nan,0.5540242791175842,inf,0.050150223076343536,0.03150235489010811,nan,0.6314775347709656,116217.5390625
19,0.0500725656747818,0.030590886250138283,nan,0.4822893738746643,inf,0.043421901762485504,0.02733895555138588,nan,0.46432870626449585,153470.625
20,0.047047823667526245,0.02882780320942402,nan,0.43457549810409546,751070.375,0.042322851717472076,0.0263929795473814,nan,0.4246634840965271,2016325.25
21,0.044967927038669586,0.0276917964220047,nan,0.41182470321655273,inf,0.03938530758023262,0.02541753463447094,nan,0.4087839126586914,416890.53125
22,0.044296745210886,0.027279118075966835,nan,0.3949669897556305,747185.125,0.039546772837638855,0.024924036115407944,nan,0.4205702543258667,1135066.0
23,0.04362405464053154,0.026896871626377106,nan,0.38985174894332886,717507.625,0.03900591656565666,0.025227755308151245,nan,0.4088437259197235,2915160.25
24,0.04364032670855522,0.026808951050043106,nan,0.3889216482639313,1638015.125,0.038819752633571625,0.024849137291312218,nan,0.39319586753845215,1463658.5
25,0.04325861483812332,0.026638200506567955,nan,0.38406431674957275,inf,0.03890955075621605,0.024403896182775497,nan,0.3912840485572815,1216568.5
26,0.04336443170905113,0.026769503951072693,nan,0.384245365858078,inf,0.037993352860212326,0.02448255568742752,nan,0.38908034563064575,2200515.5
27,0.043333325535058975,0.02676990069448948,nan,0.3865385055541992,inf,0.038396283984184265,0.024066412821412086,nan,0.38476186990737915,1485296.5
28,0.04349011555314064,0.02679416537284851,nan,0.38595902919769287,2435163.25,0.037621140480041504,0.023480143398046494,nan,0.37497836351394653,1804376.5
29,0.04340584948658943,0.026779796928167343,nan,0.3867240846157074,inf,0.038186658173799515,0.024484742432832718,nan,0.3873644173145294,354208.03125
30,0.04513128101825714,0.02765442430973053,nan,0.45414596796035767,449251.375,0.04087865725159645,0.025494620203971863,nan,0.47052276134490967,1145556.25
31,0.08153309673070908,0.04786890000104904,nan,1.168341040611267,275256.03125,0.06615252047777176,0.03928318992257118,nan,1.0833914279937744,51860.80859375
32,0.06406934559345245,0.03818177059292793,nan,0.8014201521873474,169275.703125,0.05596373975276947,0.033890388906002045,nan,0.8184098601341248,74546.484375
33,0.050585195422172546,0.030491353943943977,nan,0.5362329483032227,240649.125,0.043706879019737244,0.02683870866894722,nan,0.4709700345993042,436325.59375
34,0.04423988237977028,0.026927871629595757,nan,0.43962234258651733,inf,0.03896684572100639,0.024633172899484634,nan,0.4628862142562866,239440.953125
35,0.04127345606684685,0.025231026113033295,nan,0.40198805928230286,inf,0.03539552167057991,0.022126629948616028,nan,0.37379905581474304,661721.375
36,0.039087820798158646,0.02390715666115284,nan,0.37334737181663513,inf,0.0352657251060009,0.02197764813899994,nan,0.3675946295261383,439699.40625
37,0.03818425536155701,0.023370079696178436,nan,0.36255261301994324,inf,0.03319042921066284,0.020939107984304428,nan,0.3479757010936737,333552.53125
38,0.03771647810935974,0.023145701736211777,nan,0.3552009165287018,978939.1875,0.033282313495874405,0.02111774869263172,nan,0.3457261025905609,1267784.0
39,0.037580911070108414,0.02301834337413311,nan,0.3493141531944275,2464783.0,0.032479677349328995,0.02033241279423237,nan,0.3333246409893036,1608179.25
40,0.03751407563686371,0.02296827733516693,nan,0.34940123558044434,inf,0.03351132199168205,0.021598078310489655,nan,0.34737175703048706,750890.5625
41,0.03765377029776573,0.023043503984808922,nan,0.347883939743042,889304.625,0.03314129263162613,0.02110467106103897,nan,0.34544774889945984,975521.9375
42,0.03748896345496178,0.02289672940969467,nan,0.34849661588668823,inf,0.03286653384566307,0.020785808563232422,nan,0.34098321199417114,729232.125
43,0.03746802359819412,0.02297949232161045,nan,0.3486176133155823,inf,0.03328748792409897,0.020990654826164246,nan,0.34300607442855835,1392312.875
44,0.03737695515155792,0.022908056154847145,nan,0.3460276424884796,inf,0.03259725868701935,0.020204465836286545,nan,0.33481091260910034,1266308.0
45,0.037355151027441025,0.0229447390884161,nan,0.35155874490737915,1179676.875,0.032834336161613464,0.020798014476895332,nan,0.3428383469581604,729249.4375
46,0.038950115442276,0.02375187911093235,nan,0.3885577917098999,545854.0625,0.03606675937771797,0.02274044044315815,nan,0.4754926264286041,292128.8125
47,0.0687214657664299,0.04054465889930725,nan,0.9997654557228088,inf,0.05366765335202217,0.03249882906675339,nan,0.6045364737510681,135669.03125
48,0.057509247213602066,0.03413772955536842,nan,0.6914764046669006,inf,0.04881798103451729,0.029881926253437996,nan,0.7079155445098877,169552.21875
49,0.04485784471035004,0.027009665966033936,nan,0.48095983266830444,inf,0.041839368641376495,0.025476587936282158,nan,0.49571922421455383,167931.609375
50,0.03976619243621826,0.024160142987966537,nan,0.39813312888145447,230325.390625,0.03583471477031708,0.022733395919203758,nan,0.44485852122306824,237915.1875
51,0.03780970722436905,0.02294311113655567,nan,0.37132886052131653,589342.9375,0.03367714211344719,0.02099813148379326,nan,0.36841920018196106,701335.0625
52,0.036224402487277985,0.02204335480928421,nan,0.3498791456222534,499506.8125,0.03219297155737877,0.020487362518906593,nan,0.35194501280784607,124160.328125
53,0.03574596345424652,0.02186356671154499,nan,0.3440980017185211,666981.4375,0.03160351887345314,0.020056847482919693,nan,0.3377645015716553,1501649.25
54,0.035402312874794006,0.021618662402033806,nan,0.3337841033935547,729151.0625,0.031199604272842407,0.019512947648763657,nan,0.3310598134994507,514649.125
55,0.03478088974952698,0.021368782967329025,nan,0.33154624700546265,inf,0.03134448826313019,0.019467797130346298,nan,0.3321431577205658,998992.25
56,0.03476141020655632,0.021238721907138824,nan,0.33167514204978943,inf,0.03075207769870758,0.01938703842461109,nan,0.3273261785507202,885710.25
57,0.034415967762470245,0.021173933520913124,nan,0.3306739926338196,inf,0.031267762184143066,0.019488543272018433,nan,0.32881128787994385,944912.25
58,0.03490418940782547,0.02133135497570038,nan,0.33247485756874084,1200220.875,0.031094597652554512,0.02002526819705963,nan,0.3330727219581604,1337514.25
59,0.03477729111909866,0.021254969760775566,nan,0.3271213471889496,1415585.375,0.030805781483650208,0.01907365582883358,nan,0.32260316610336304,1068316.0
60,0.034998729825019836,0.02136673778295517,nan,0.32984936237335205,1292814.25,0.03159530088305473,0.01978381536900997,nan,0.33182668685913086,1225796.375
61,0.03500307723879814,0.02137376368045807,nan,0.3326513469219208,inf,0.03107072226703167,0.019639724865555763,nan,0.3298947513103485,974959.8125
62,0.03629300743341446,0.02213238552212715,nan,0.3617303669452667,497170.21875,0.03200221806764603,0.01996302232146263,nan,0.33930355310440063,821755.0
63,0.06064910069108009,0.03577972948551178,nan,0.8427605628967285,inf,0.0478396974503994,0.02944137714803219,nan,0.5828818082809448,367150.4375
64,0.0512918122112751,0.030511509627103806,nan,0.6418958306312561,inf,0.05716632306575775,0.03314083442091942,nan,0.5172445178031921,187401.015625
65,0.04203987121582031,0.02527954801917076,nan,0.44603201746940613,inf,0.0356578454375267,0.022522175684571266,nan,0.4363032281398773,443845.15625
66,0.03766610100865364,0.02279525063931942,nan,0.3851073980331421,1141379.5,0.03305788338184357,0.020911231637001038,nan,0.37059876322746277,707837.9375
67,0.03544973209500313,0.021534133702516556,nan,0.3486236333847046,469142.84375,0.03042992763221264,0.01933574676513672,nan,0.3397732973098755,767731.4375
68,0.034334540367126465,0.020889699459075928,nan,0.3366720378398895,inf,0.02973158098757267,0.018494294956326485,nan,0.3265244960784912,373413.34375
69,0.033928725868463516,0.020641332492232323,nan,0.32827427983283997,1478736.625,0.030077572911977768,0.01863224431872368,nan,0.32034826278686523,443880.125
70,0.03357827663421631,0.020438970997929573,nan,0.32658883929252625,1368985.75,0.029641935601830482,0.018834054470062256,nan,0.3221896290779114,346927.71875
71,0.033330436795949936,0.020310159772634506,nan,0.32435330748558044,896426.75,0.029478788375854492,0.018605511635541916,nan,0.31918513774871826,945891.5625
72,0.03321625664830208,0.020313264802098274,nan,0.31987231969833374,2489973.0,0.029775090515613556,0.01880493387579918,nan,0.32342329621315,589068.875
73,0.03313305228948593,0.02020161598920822,nan,0.3212108612060547,inf,0.029398677870631218,0.018241895362734795,nan,0.31469669938087463,1611443.625
74,0.033390600234270096,0.020265916362404823,nan,0.3228520452976227,inf,0.028524741530418396,0.01820426434278488,nan,0.31013548374176025,1655391.625
75,0.0330849252641201,0.02012288197875023,nan,0.31869012117385864,inf,0.02920491248369217,0.01860130950808525,nan,0.31700149178504944,1434866.125
76,0.03320983797311783,0.02033534273505211,nan,0.3227350115776062,inf,0.02898172289133072,0.01834705099463463,nan,0.31349611282348633,1622008.5
77,0.033278871327638626,0.020224088802933693,nan,0.3194524645805359,1017813.125,0.029520856216549873,0.01849706843495369,nan,0.3187219500541687,868497.125
78,0.034144047647714615,0.020727818831801414,nan,0.3389730453491211,389577.1875,0.03147886320948601,0.019199874252080917,nan,0.3253384828567505,629900.375
79,0.056392963975667953,0.03333276882767677,nan,0.7614428997039795,inf,0.044985152781009674,0.027230888605117798,nan,0.6212023496627808,157631.78125
80,0.04808833450078964,0.028583018109202385,nan,0.5868927836418152,266218.40625,0.04531058296561241,0.027266617864370346,nan,0.5872600078582764,189535.46875
81,0.039003822952508926,0.02347707748413086,nan,0.4109276533126831,305580.625,0.03613204136490822,0.02220478467643261,nan,0.3908790946006775,114066.875
82,0.0360717698931694,0.021807478740811348,nan,0.3684665560722351,241349.625,0.03193632885813713,0.019635992124676704,nan,0.35586461424827576,528416.0625
83,0.03366204351186752,0.02040127106010914,nan,0.3322509527206421,532024.1875,0.03013337217271328,0.01934407278895378,nan,0.34107616543769836,899008.5625
84,0.033025581389665604,0.020062319934368134,nan,0.3277999460697174,inf,0.029253486543893814,0.01846490614116192,nan,0.32646942138671875,326459.25
85,0.032545581459999084,0.019764993339776993,nan,0.31678250432014465,1566368.25,0.028233515098690987,0.01779191568493843,nan,0.30824515223503113,1020139.6875
86,0.032398927956819534,0.019674718379974365,nan,0.3127269446849823,inf,0.028360791504383087,0.017797954380512238,nan,0.310720831155777,553763.0625
87,0.03208740055561066,0.019559402018785477,nan,0.3129989504814148,1868753.5,0.02831285074353218,0.01775316707789898,nan,0.3085019886493683,1718639.75
88,0.03220919147133827,0.019538963213562965,0.30169549584388733,0.31378743052482605,2879653.0,0.027698025107383728,0.017693039029836655,nan,0.30521976947784424,2081897.625
89,0.032259926199913025,0.01960108056664467,nan,0.31222423911094666,2193511.25,0.028547611087560654,0.017985090613365173,nan,0.31112903356552124,691637.6875
90,0.03182025998830795,0.019424812868237495,nan,0.30781668424606323,2058750.0,0.028464898467063904,0.01831340603530407,nan,0.3142791986465454,1066686.125
91,0.03185506537556648,0.019393226131796837,nan,0.31221872568130493,2038257.75,0.02889312617480755,0.018049493432044983,nan,0.3132570683956146,2156504.75
92,0.03188139945268631,0.019426366314291954,nan,0.31004610657691956,2669869.5,0.02863428182899952,0.01780657097697258,nan,0.30939263105392456,1374371.25
93,0.03190518170595169,0.01938903145492077,nan,0.30978870391845703,inf,0.029039476066827774,0.018123777583241463,nan,0.31268310546875,622723.9375
94,0.03309091180562973,0.020042026415467262,nan,0.3284931778907776,inf,0.029078233987092972,0.01823348179459572,nan,0.32537326216697693,578813.0625
95,0.052651867270469666,0.031066467985510826,nan,0.7051956653594971,122937.515625,0.042597562074661255,0.02611517161130905,nan,0.5136989951133728,136487.21875
96,0.04869869351387024,0.028871091082692146,nan,0.6382567882537842,257483.1875,0.04219178855419159,0.026290718466043472,nan,0.6380189061164856,60336.359375
97,0.037935949862003326,0.022795718163251877,nan,0.4019738435745239,247425.6875,0.0335831493139267,0.020574603229761124,nan,0.36601439118385315,123560.71875
98,0.0342271588742733,0.02064555138349533,nan,0.34743037819862366,549463.1875,0.03302888199687004,0.02046903409063816,nan,0.3912378251552582,91100.8828125
99,0.033014606684446335,0.019985733553767204,nan,0.3284676969051361,421817.65625,0.029719514772295952,0.018316930159926414,nan,0.3214980959892273,465849.4375
100,0.0319104827940464,0.019365711137652397,nan,0.3140617311000824,791833.5,0.02819104865193367,0.017948970198631287,nan,0.31755560636520386,723317.625
101,0.03175565227866173,0.01930108293890953,nan,0.3101818561553955,865167.0,0.0284169502556324,0.01764233410358429,nan,0.30979999899864197,596246.625
102,0.031208336353302002,0.019008800387382507,nan,0.3054441213607788,inf,0.027500202879309654,0.017528586089611053,nan,0.30553415417671204,567030.625
103,0.03147419914603233,0.01899961568415165,nan,0.3071371018886566,1768975.875,0.027513716369867325,0.01724826730787754,nan,0.30229246616363525,1016084.5
104,0.03142286837100983,0.019029108807444572,nan,0.30571821331977844,inf,0.027122920379042625,0.017038971185684204,nan,0.2982589602470398,816559.625
105,0.031269557774066925,0.019014837220311165,nan,0.30722716450691223,2072204.0,0.027394527569413185,0.017178839072585106,nan,0.2998509705066681,1846688.25
106,0.031272195279598236,0.019018301740288734,nan,0.3037789463996887,2887095.5,0.02759176306426525,0.017446253448724747,nan,0.30424952507019043,2578456.75
107,0.031182466074824333,0.018965275958180428,nan,0.3054962456226349,inf,0.027721457183361053,0.017121344804763794,nan,0.2998901903629303,2809341.0
108,0.03126370161771774,0.019034313037991524,nan,0.30642229318618774,inf,0.027285773307085037,0.017021050676703453,nan,0.29897940158843994,1851737.625
109,0.031143687665462494,0.01891210302710533,nan,0.3043993413448334,inf,0.027600860223174095,0.01715698651969433,nan,0.30233171582221985,484414.875
110,0.03171072527766228,0.019228389486670494,nan,0.3219745457172394,787087.5,0.02913942188024521,0.01811993308365345,nan,0.31890368461608887,540487.375
111,0.047812215983867645,0.028331203386187553,nan,0.6436505317687988,136079.875,0.03878279775381088,0.023562569171190262,nan,0.4948539137840271,51705.64453125
112,0.04240535944700241,0.02542722225189209,nan,0.5081232190132141,inf,0.040572408586740494,0.024082932621240616,nan,0.5758483409881592,496007.78125
113,0.03675488382577896,0.021944129839539528,nan,0.3801562786102295,582721.8125,0.03309266269207001,0.02032484859228134,nan,0.39840754866600037,139855.203125
114,0.03317893296480179,0.020009247586131096,nan,0.33797487616539,464671.9375,0.029196394607424736,0.018222715705633163,nan,0.32333818078041077,229959.078125
115,0.03166443482041359,0.019132716581225395,nan,0.31773969531059265,838680.125,0.028401177376508713,0.017873672768473625,nan,0.31628188490867615,1065550.875
116,0.03108706884086132,0.018816974014043808,nan,0.3066774308681488,557485.4375,0.02766672521829605,0.017187152057886124,nan,0.3091782331466675,181840.78125
117,0.030611500144004822,0.01857149600982666,nan,0.3024180233478546,inf,0.027243316173553467,0.016889529302716255,nan,0.30100733041763306,583253.8125
118,0.030507462099194527,0.018536236137151718,nan,0.2979283928871155,inf,0.026723118498921394,0.016703158617019653,nan,0.29403766989707947,406706.125
119,0.03046843782067299,0.01843375340104103,nan,0.2970636487007141,inf,0.02682911604642868,0.016860440373420715,nan,0.294574111700058,839242.625
120,0.030541077256202698,0.018470119684934616,nan,0.30088010430336,inf,0.026629623025655746,0.01676175557076931,nan,0.2937828302383423,866872.875
121,0.03038177266716957,0.018359526991844177,nan,0.2960340976715088,1445844.375,0.02693922445178032,0.016992690041661263,nan,0.2945767045021057,828118.6875
122,0.03037608414888382,0.018448244780302048,nan,0.29687222838401794,1481960.25,0.025842323899269104,0.01685348153114319,nan,0.290467768907547,2672527.25
123,0.030440552160143852,0.01837822049856186,nan,0.2967461347579956,4144927.0,0.026578200981020927,0.01664016954600811,nan,0.2908574640750885,2528180.25
124,0.030203664675354958,0.01827024295926094,nan,0.29363012313842773,2976032.75,0.027242623269557953,0.016964076086878777,nan,0.2968893051147461,1587692.5
125,0.030186420306563377,0.018317265436053276,nan,0.2958107590675354,2107772.0,0.027199381962418556,0.016866454854607582,nan,0.29809796810150146,553689.375
126,0.03129657730460167,0.018851852044463158,nan,0.3116023540496826,588372.25,0.027418337762355804,0.017316870391368866,nan,0.30770233273506165,306403.6875
127,0.046246547251939774,0.027387171983718872,nan,0.6154035925865173,171090.609375,0.04238447919487953,0.025050576776266098,nan,0.4830143451690674,85753.3125
128,0.04048061743378639,0.02426406927406788,nan,0.4723174571990967,inf,0.04111583158373833,0.02433413825929165,nan,0.4707315266132355,150381.453125
129,0.034945011138916016,0.021010927855968475,nan,0.36183345317840576,441300.625,0.033101070672273636,0.020554695278406143,nan,0.38774770498275757,215335.765625
130,0.032191935926675797,0.019423380494117737,nan,0.322165310382843,661787.375,0.02959468774497509,0.01843886636197567,nan,0.3357434868812561,116195.1015625
131,0.031200051307678223,0.018859505653381348,nan,0.30912476778030396,363240.71875,0.028061559423804283,0.017786690965294838,nan,0.30633780360221863,186009.453125
132,0.030390169471502304,0.018373146653175354,nan,0.2994014024734497,inf,0.026715872809290886,0.01666104979813099,nan,0.29854816198349,197124.421875
133,0.030160807073116302,0.018327869474887848,nan,0.29835909605026245,inf,0.026073424145579338,0.016473043709993362,nan,0.2887283265590668,373299.21875
134,0.02991727739572525,0.01812814176082611,nan,0.29607945680618286,2673966.75,0.026325944811105728,0.016655780375003815,nan,0.289772629737854,1675110.875
135,0.029723091050982475,0.018063344061374664,nan,0.2955511212348938,1804008.0,0.026377946138381958,0.016393065452575684,nan,0.2883177697658539,1141569.875
136,0.029760735109448433,0.01799299381673336,nan,0.29115310311317444,2160018.25,0.026101598516106606,0.016587259247899055,nan,0.2906891703605652,588845.8125
137,0.02981705777347088,0.01807219348847866,nan,0.29016104340553284,2513419.5,0.026187468320131302,0.016556361690163612,nan,0.2878301739692688,1244679.5
138,0.02993408404290676,0.018111947923898697,nan,0.28966546058654785,3573579.25,0.026076393201947212,0.016519993543624878,nan,0.2875201106071472,1365378.375
139,0.029679832980036736,0.017950376495718956,nan,0.28687289357185364,2254873.0,0.026525456458330154,0.01632404513657093,nan,0.2870376408100128,1600430.375
140,0.02978793904185295,0.017996879294514656,nan,0.29032254219055176,inf,0.026016848161816597,0.01644517481327057,nan,0.28726106882095337,1660617.625
141,0.0297751035541296,0.01804118975996971,nan,0.2916162610054016,1721708.625,0.026317061856389046,0.016201267018914223,nan,0.2847929298877716,1061760.125
142,0.03043481707572937,0.018380198627710342,nan,0.3022576570510864,711355.375,0.026810437440872192,0.016628924757242203,nan,0.2975951135158539,373815.59375
143,0.04392834007740021,0.025947945192456245,nan,0.5842105150222778,299829.65625,0.03820500150322914,0.02322917804121971,nan,0.430581271648407,125260.6875
144,0.04079423472285271,0.024156371131539345,nan,0.45450359582901,303408.0625,0.03944526985287666,0.023269033059477806,nan,0.42192667722702026,151134.28125
145,0.03445272520184517,0.020608652383089066,nan,0.3536936640739441,inf,0.029955118894577026,0.018665039911866188,nan,0.34192419052124023,655030.75
146,0.03132178261876106,0.018882712349295616,nan,0.31858476996421814,536196.625,0.028381941840052605,0.01746089570224285,nan,0.316711962223053,260583.03125
147,0.030509253963828087,0.01839742250740528,nan,0.30491918325424194,inf,0.027306118980050087,0.01669895648956299,nan,0.29995617270469666,1164256.875
148,0.030083732679486275,0.018167519941926003,nan,0.2972956597805023,inf,0.026341522112488747,0.016564209014177322,nan,0.2913775146007538,352667.59375
149,0.029877685010433197,0.01796962320804596,nan,0.2953624427318573,inf,0.02630145475268364,0.01661592721939087,nan,0.2912832796573639,1144329.75
150,0.029729314148426056,0.017960531637072563,nan,0.29210782051086426,inf,0.02632932737469673,0.016251830384135246,nan,0.2892124652862549,405195.34375
151,0.029445378109812737,0.017774254083633423,nan,0.28859636187553406,793995.3125,0.026584459468722343,0.01663544774055481,nan,0.2910427451133728,1179267.25
152,0.029342951253056526,0.0177249014377594,nan,0.2862708270549774,1096731.0,0.02615346945822239,0.016295772045850754,nan,0.28705769777297974,1184220.25
153,0.02928904816508293,0.01770712248980999,nan,0.2905772626399994,1671549.875,0.02605760097503662,0.016826504841446877,nan,0.29098421335220337,547063.375
154,0.029320456087589264,0.017719969153404236,nan,0.28818655014038086,2405737.25,0.025106776505708694,0.01616954430937767,nan,0.2822869122028351,1656722.5
155,0.029223214834928513,0.01766207441687584,nan,0.28866395354270935,2473960.5,0.02563597820699215,0.016031542792916298,nan,0.28211256861686707,1474131.25
156,0.02926027774810791,0.017659053206443787,nan,0.28695446252822876,inf,0.02555057406425476,0.01585935242474079,nan,0.2803020179271698,1922243.5
157,0.02912210486829281,0.017718106508255005,nan,0.28584179282188416,inf,0.025836046785116196,0.016110701486468315,nan,0.2847006022930145,621889.1875
158,0.029902275651693344,0.01809641346335411,nan,0.2995179295539856,1017009.375,0.026421785354614258,0.01662512682378292,nan,0.300557017326355,746239.6875
159,0.04207746684551239,0.025003841146826744,nan,0.5452056527137756,193711.71875,0.0381745882332325,0.023211488500237465,nan,0.48769015073776245,129775.2421875
160,0.03894335776567459,0.023188259452581406,nan,0.43086299300193787,444231.1875,0.035749197006225586,0.021289953961968422,nan,0.4367886781692505,118676.09375
161,0.03332607075572014,0.020023686811327934,nan,0.34629157185554504,191978.34375,0.028938116505742073,0.01790214516222477,nan,0.35066384077072144,205700.765625
162,0.030877768993377686,0.018625590950250626,nan,0.3119426667690277,599861.0625,0.027941297739744186,0.017617512494325638,nan,0.3191404640674591,597210.375
163,0.02991417422890663,0.01806025207042694,nan,0.2993331253528595,573950.375,0.025990551337599754,0.016502633690834045,nan,0.2911899983882904,704692.5
164,0.02914331667125225,0.01760970428586006,nan,0.28740784525871277,872675.4375,0.02582581527531147,0.016233308240771294,nan,0.2844460904598236,388071.21875
165,0.029140280559659004,0.017623215913772583,nan,0.2874022126197815,1156228.375,0.02529209293425083,0.015972040593624115,nan,0.28685620427131653,708779.0
166,0.028948964551091194,0.017452649772167206,nan,0.28538283705711365,980044.9375,0.025679131969809532,0.0158139206469059,nan,0.27849000692367554,568722.0625
167,0.028993282467126846,0.017493484541773796,nan,0.2835484743118286,inf,0.025728097185492516,0.016032135114073753,nan,0.2820601463317871,781415.75
168,0.029181594029068947,0.01764036901295185,nan,0.2869774401187897,1041833.4375,0.02550489269196987,0.016074540093541145,nan,0.28135955333709717,1456986.625
169,0.028914712369441986,0.017551325261592865,nan,0.2833561599254608,759530.0,0.02557375095784664,0.015871107578277588,nan,0.27936694025993347,1348869.625
170,0.029305480420589447,0.017620718106627464,nan,0.28530392050743103,1292239.375,0.024612044915556908,0.015828020870685577,nan,0.27675002813339233,1604775.875
171,0.028860874474048615,0.017417049035429955,nan,0.284025639295578,2122549.25,0.024893973022699356,0.015756169334053993,nan,0.27762457728385925,1560807.5
172,0.028737522661685944,0.017376216128468513,nan,0.28161031007766724,2477908.75,0.02497638203203678,0.01600007899105549,nan,0.27978870272636414,1420282.25
173,0.028932131826877594,0.017454450950026512,nan,0.284608393907547,inf,0.024973301216959953,0.015559853054583073,nan,0.2749653160572052,1010130.0625
174,0.029197243973612785,0.01765471324324608,nan,0.2917567789554596,805380.0,0.02582903578877449,0.016215818002820015,nan,0.28867748379707336,139347.65625
175,0.040064796805381775,0.023772994056344032,nan,0.4926811754703522,184299.5,0.03811323270201683,0.022796304896473885,nan,0.47390487790107727,34620.09765625
176,0.0371762253344059,0.022231612354516983,nan,0.4201452434062958,643884.6875,0.033231716603040695,0.020245887339115143,nan,0.44825541973114014,143477.265625
177,0.03262988105416298,0.019575102254748344,nan,0.347642719745636,inf,0.029177511110901833,0.018368585035204887,nan,0.3421218693256378,95316.046875
178,0.030347611755132675,0.018268415704369545,nan,0.3063700795173645,827049.75,0.02642872743308544,0.01652900129556656,nan,0.2926887571811676,364844.9375
179,0.02927386946976185,0.017649663612246513,nan,0.2950493097305298,639193.0,0.025814170017838478,0.015966864302754402,nan,0.2937794029712677,190920.875
180,0.028851304203271866,0.017404504120349884,nan,0.2848256528377533,813953.9375,0.025492623448371887,0.015647727996110916,nan,0.27820566296577454,841175.625
181,0.028758924454450607,0.017394352704286575,0.31932029128074646,0.28558358550071716,930867.3125,0.025089580565690994,0.015487373806536198,nan,0.27575162053108215,402690.40625
182,0.02857154794037342,0.017266716808080673,nan,0.28372472524642944,inf,0.024755209684371948,0.015478618443012238,nan,0.2754138112068176,1031372.75
183,0.02819926105439663,0.01703922636806965,nan,0.27800557017326355,inf,0.024797426536679268,0.015706857666373253,nan,0.2769774794578552,563562.1875
184,0.02831890806555748,0.017096562311053276,nan,0.2783689796924591,1526100.5,0.02496238611638546,0.01575024053454399,nan,0.2774321734905243,1650190.125
185,0.028401758521795273,0.017177006229758263,nan,0.2812056839466095,1053683.75,0.025338610634207726,0.015923289582133293,nan,0.27993521094322205,1274563.25
186,0.02839602530002594,0.017126066610217094,nan,0.27955397963523865,inf,0.02523333765566349,0.015513133257627487,nan,0.2752094864845276,1302681.375
187,0.028378738090395927,0.017118846997618675,nan,0.27970364689826965,1361487.0,0.02503679320216179,0.01560297142714262,nan,0.27621662616729736,2003707.0
188,0.0285323653370142,0.01718997396528721,nan,0.2812398672103882,1212802.5,0.02480355277657509,0.01587381400167942,nan,0.27815574407577515,1384495.875
189,0.028402579948306084,0.01722664386034012,nan,0.27862295508384705,1373606.375,0.024669241160154343,0.015486474148929119,nan,0.2732557952404022,1211596.375
190,0.02929096110165119,0.01753687672317028,nan,0.292861670255661,566542.625,0.024951908737421036,0.01595747098326683,nan,0.28031373023986816,642654.4375
191,0.04049885645508766,0.02404736913740635,nan,0.5389295220375061,229497.234375,0.03594394400715828,0.022010410204529762,nan,0.41126158833503723,135583.078125
192,0.037032436579465866,0.02206963673233986,nan,0.41987717151641846,262227.8125,0.03312763199210167,0.02027907781302929,nan,0.39698469638824463,203831.5
193,0.03176265209913254,0.01904902048408985,nan,0.3308950364589691,288005.875,0.030582429841160774,0.018665380775928497,nan,0.33347225189208984,84479.28125
194,0.030433686450123787,0.01824765093624592,nan,0.30933091044425964,inf,0.02645283378660679,0.016605373471975327,nan,0.3102664053440094,493443.1875
195,0.029107797890901566,0.017550459131598473,nan,0.29365259408950806,431598.5625,0.02562929503619671,0.015958545729517937,nan,0.28425970673561096,411605.1875
196,0.02880006656050682,0.01732734590768814,nan,0.286038875579834,inf,0.02540302462875843,0.015759112313389778,nan,0.27963489294052124,1069554.125
197,0.02869008667767048,0.017283432185649872,nan,0.2824186384677887,769061.625,0.024935511872172356,0.015537022612988949,nan,0.2758764624595642,1938407.75
198,0.028095867484807968,0.016962019726634026,nan,0.2773444652557373,inf,0.02495351992547512,0.015537259168922901,nan,0.27712729573249817,678148.4375
199,0.02812257967889309,0.016999315470457077,nan,0.27837949991226196,1103313.75,0.02432090789079666,0.015183557756245136,nan,0.27226507663726807,729718.5625
200,0.028289038687944412,0.017017625272274017,nan,0.27924346923828125,1311835.375,0.02443663589656353,0.0154098030179739,nan,0.27550041675567627,1308583.5
201,0.02817758172750473,0.01698540896177292,nan,0.27714112401008606,inf,0.024362215772271156,0.01519713457673788,nan,0.2718031108379364,1653380.25
202,0.028429783880710602,0.017068907618522644,nan,0.2794329822063446,inf,0.024416185915470123,0.015254328027367592,nan,0.2725599408149719,947931.5
203,0.02816755510866642,0.017010953277349472,nan,0.27675843238830566,inf,0.024586038663983345,0.015228993259370327,nan,0.2725861370563507,1144063.375
204,0.028093302622437477,0.016940562054514885,nan,0.2784590721130371,1306128.375,0.024872664362192154,0.015803446993231773,nan,0.27946093678474426,1072711.375
205,0.02816641703248024,0.01695852540433407,nan,0.2788185179233551,1872745.625,0.025021350011229515,0.01499536819756031,nan,0.26774704456329346,1457497.625
206,0.028789596632122993,0.017377855256199837,nan,0.2893524765968323,inf,0.02490941993892193,0.015352608636021614,nan,0.2809547483921051,461353.46875
207,0.03850608319044113,0.022790955379605293,nan,0.46823298931121826,inf,0.033389490097761154,0.019923625513911247,nan,0.39167508482933044,100668.046875
208,0.03546625375747681,0.021123643964529037,nan,0.4011197090148926,inf,0.032073814421892166,0.020099397748708725,nan,0.43222060799598694,44484.22265625
209,0.03160696104168892,0.018976323306560516,nan,0.33305811882019043,564532.0625,0.027977747842669487,0.01731819286942482,nan,0.3402145504951477,213020.921875
210,0.02951863594353199,0.017773641273379326,nan,0.29717645049095154,inf,0.02606406807899475,0.016187669709324837,nan,0.28597626090049744,394129.0
211,0.028780901804566383,0.017288265749812126,nan,0.28588998317718506,538516.75,0.02462686412036419,0.015328535810112953,nan,0.2767195701599121,376336.78125
212,0.02815968543291092,0.016992252320051193,nan,0.280510812997818,619717.375,0.02429421804845333,0.015232576988637447,nan,0.2762153148651123,938913.625
213,0.028107576072216034,0.01688072830438614,nan,0.28075429797172546,872937.9375,0.024513501673936844,0.015348628163337708,nan,0.2746084928512573,695562.1875
214,0.02788769081234932,0.0168143343180418,nan,0.27667683362960815,inf,0.024590084329247475,0.015102754347026348,nan,0.2720230519771576,862339.75
215,0.028029665350914,0.01685778796672821,nan,0.2773045003414154,2719445.75,0.02458891272544861,0.015212874859571457,nan,0.2720218300819397,2259642.0
216,0.027944890782237053,0.016805728897452354,nan,0.2754254937171936,1205255.5,0.024346167221665382,0.01520235650241375,nan,0.27172794938087463,697223.75
217,0.027734767645597458,0.01672053337097168,nan,0.27650031447410583,1707371.625,0.024564355611801147,0.015225907787680626,nan,0.2726042866706848,1119591.75
218,0.027767108753323555,0.016714734956622124,nan,0.2730782926082611,inf,0.02402554824948311,0.015041469596326351,nan,0.26916903257369995,3120286.5
219,0.027834368869662285,0.016804691404104233,nan,0.27715322375297546,835278.5625,0.023924652487039566,0.015335094183683395,nan,0.2702163755893707,1084269.375
220,0.02792162448167801,0.01685529574751854,nan,0.2749903202056885,inf,0.023987168446183205,0.015041295439004898,nan,0.26933348178863525,3477635.5
221,0.027998510748147964,0.016885465011000633,nan,0.2779042422771454,inf,0.0244026817381382,0.015255135484039783,nan,0.2720907926559448,707450.9375
222,0.028360379859805107,0.017089782282710075,nan,0.2838486135005951,428379.25,0.02482040598988533,0.01542063057422638,nan,0.28037190437316895,188300.296875
223,0.03782280907034874,0.022429591044783592,nan,0.4554862678050995,inf,0.03638283535838127,0.021179914474487305,nan,0.39413848519325256,119844.8828125
224,0.03531752899289131,0.02119046077132225,nan,0.4012575149536133,181235.40625,0.029648160561919212,0.018512310460209846,nan,0.3874932825565338,182264.90625
225,0.030712079256772995,0.018487434834241867,nan,0.3280395269393921,523104.3125,0.027140259742736816,0.01693090610206127,nan,0.30976602435112,192089.328125
226,0.029291322454810143,0.017619643360376358,nan,0.29823747277259827,563356.0625,0.025218317285180092,0.015722215175628662,nan,0.2887524962425232,489638.28125
227,0.028355993330478668,0.017068738117814064,nan,0.2794879674911499,508460.0625,0.024200284853577614,0.015131602063775063,nan,0.2730152904987335,683189.375
228,0.028073832392692566,0.0168647188693285,nan,0.2797086834907532,1647139.75,0.02433587796986103,0.015174422413110733,nan,0.2711593508720398,1434097.5
229,0.02787795662879944,0.016788693144917488,nan,0.27539119124412537,inf,0.023772699758410454,0.01503558550029993,nan,0.26712921261787415,691853.125
230,0.02771957963705063,0.016629332676529884,nan,0.27402594685554504,893308.0,0.02395554445683956,0.015236067585647106,nan,0.2719864249229431,887489.8125
231,0.02772299014031887,0.016660962253808975,nan,0.2736290991306305,inf,0.024163538590073586,0.015149171464145184,nan,0.26970699429512024,1137484.5
232,0.027495451271533966,0.016627077013254166,nan,0.26989832520484924,2264343.25,0.023684369400143623,0.014858742244541645,nan,0.267233282327652,972424.375
233,0.027682045474648476,0.016650281846523285,nan,0.27385446429252625,1343315.75,0.024125128984451294,0.015202117152512074,nan,0.2705192565917969,1711347.25
234,0.027611350640654564,0.016632460057735443,nan,0.27305445075035095,inf,0.023950867354869843,0.014753494411706924,nan,0.26506397128105164,1991290.875
235,0.027603205293416977,0.016623152419924736,nan,0.2731785178184509,1659951.5,0.023821823298931122,0.015061183832585812,nan,0.26747602224349976,2095318.375
236,0.027503347024321556,0.016560694202780724,nan,0.2727173864841461,929626.125,0.023860415443778038,0.015180101618170738,nan,0.26909661293029785,900750.25
237,0.027561811730265617,0.016582973301410675,nan,0.2743620276451111,1839731.625,0.02375001832842827,0.015085442923009396,nan,0.26869997382164,1901138.25
238,0.02805948629975319,0.01687927357852459,nan,0.2819385230541229,664457.875,0.024366820231080055,0.0152825266122818,nan,0.2756042182445526,343111.78125
239,0.03800930455327034,0.022518161684274673,nan,0.4597700238227844,199281.71875,0.030459923669695854,0.018856778740882874,nan,0.3747692406177521,155515.046875
240,0.03495495766401291,0.02083655260503292,nan,0.3827800154685974,196480.078125,0.03244081139564514,0.019964847713708878,nan,0.39305931329727173,162042.328125
241,0.030909236520528793,0.01850341074168682,nan,0.323913037776947,596443.75,0.025905698537826538,0.016356848180294037,nan,0.3064534068107605,757777.125
242,0.028847897425293922,0.017322402447462082,nan,0.29032987356185913,inf,0.02561110444366932,0.016119975596666336,nan,0.29648706316947937,315267.21875
243,0.028163202106952667,0.017000645399093628,nan,0.28082358837127686,794045.8125,0.024672290310263634,0.015346014872193336,nan,0.28288987278938293,269529.625
244,0.02790536917746067,0.01675790175795555,nan,0.28022074699401855,inf,0.024413445964455605,0.015207914635539055,nan,0.27459993958473206,260283.203125
245,0.02749772183597088,0.016578925773501396,nan,0.2772907614707947,1372517.125,0.023733584210276604,0.014784794300794601,nan,0.26724451780319214,453778.3125
246,0.02744321897625923,0.01648472063243389,nan,0.271845281124115,inf,0.024041537195444107,0.014980126172304153,nan,0.26879939436912537,642561.5625
247,0.02730741910636425,0.016429059207439423,nan,0.2689186930656433,inf,0.0235733725130558,0.014802553690969944,nan,0.2661777436733246,1457899.5
248,0.027512328699231148,0.01655002497136593,nan,0.2731426954269409,inf,0.02359490655362606,0.014926274307072163,nan,0.2673283815383911,927089.125
249,0.02736670896410942,0.016488319262862206,nan,0.2698376178741455,1423592.125,0.023322809487581253,0.014786559157073498,nan,0.26476988196372986,1990454.625
250,0.027380090206861496,0.016496123746037483,nan,0.2722482681274414,inf,0.023651786148548126,0.014775566756725311,nan,0.2659319043159485,2693101.0
251,0.0273521076887846,0.01647610031068325,0.31084564328193665,0.27147701382637024,2764645.75,0.024157274514436722,0.014755094423890114,nan,0.2668704688549042,1538998.125
252,0.02756255492568016,0.016592450439929962,nan,0.27102452516555786,1848872.75,0.022895867004990578,0.014560731127858162,nan,0.26216062903404236,1290523.125
253,0.02751360647380352,0.0165603905916214,nan,0.2724866569042206,inf,0.02358051761984825,0.015023893676698208,nan,0.2693765163421631,3543970.25
254,0.02787858434021473,0.016741229221224785,nan,0.2807111442089081,589463.0,0.024643883109092712,0.015407487750053406,nan,0.27992331981658936,232691.078125
255,0.03621300682425499,0.021352972835302353,nan,0.44717565178871155,inf,0.033936507999897,0.020232338458299637,nan,0.3738258183002472,259557.9375
256,0.03587665408849716,0.022302480414509773,nan,0.4719246029853821,867368.3125,0.0328039675951004,0.01998523436486721,nan,0.40236061811447144,414745.59375
257,0.030443059280514717,0.01900244504213333,nan,0.3624624013900757,652670.9375,0.032415248453617096,0.020438648760318756,nan,0.4831763803958893,121993.953125
258,0.02893238514661789,0.01821565441787243,nan,0.3393145501613617,821630.75,0.029230736196041107,0.018368618562817574,nan,0.35565271973609924,243173.53125
259,0.028341060504317284,0.0177707988768816,nan,0.32471802830696106,1385513.5,0.027770372107625008,0.017257824540138245,nan,0.3144136071205139,83672.78125
260,0.02701643481850624,0.016859007999300957,nan,0.29439815878868103,inf,0.02616734616458416,0.016393857076764107,nan,0.30523157119750977,185620.265625
261,0.027101930230855942,0.01695132628083229,nan,0.2933051586151123,2897662.75,0.025886012241244316,0.016092855483293533,nan,0.29629653692245483,246863.65625
262,0.026711704209446907,0.016614070162177086,nan,0.28788647055625916,inf,0.025571810081601143,0.016222406178712845,nan,0.2962159812450409,1773748.625
263,0.026239603757858276,0.01656748354434967,nan,0.2863337993621826,3257972.25,0.02578074112534523,0.016097083687782288,nan,0.2919340431690216,469013.65625
264,0.02644883282482624,0.016553888097405434,nan,0.28314316272735596,16410506.0,0.02563447132706642,0.01600927673280239,nan,0.2912577986717224,1371074.25
265,0.026729770004749298,0.016785696148872375,nan,0.28931179642677307,4306048.5,0.02588477171957493,0.016110239550471306,nan,0.29269030690193176,690439.25
266,0.026600215584039688,0.016613982617855072,nan,0.2860126197338104,5972769.0,0.02597331814467907,0.016057800501585007,nan,0.29129695892333984,1217524.625
267,0.026732705533504486,0.016689233481884003,nan,0.2908097207546234,3956804.5,0.0255875363945961,0.016080519184470177,nan,0.29068323969841003,1268807.0
268,0.026619087904691696,0.016696004197001457,nan,0.28466668725013733,5849892.5,0.025010671466588974,0.01599310338497162,nan,0.28950461745262146,1241698.5
269,0.0262332484126091,0.016437305137515068,nan,0.288427472114563,inf,0.02514944039285183,0.015751203522086143,nan,0.2871324419975281,571729.6875
270,0.027649546042084694,0.017393166199326515,nan,0.30135777592658997,inf,0.027255995199084282,0.0167646873742342,nan,0.29908183217048645,196648.984375
271,0.03658133000135422,0.02275395765900612,nan,0.49580445885658264,384771.125,0.04017617180943489,0.02379021607339382,nan,0.45811545848846436,96480.4296875
272,0.03551151230931282,0.022140664979815483,nan,0.46393391489982605,inf,0.036671821027994156,0.022474389523267746,nan,0.42069578170776367,191171.40625
273,0.02971303090453148,0.01857135258615017,nan,0.3423933684825897,287152.0,0.030231818556785583,0.01849287562072277,nan,0.3718474209308624,136828.390625
274,0.028098851442337036,0.01775430515408516,nan,0.31184443831443787,inf,0.029158227145671844,0.017623333260416985,nan,0.3639913499355316,169576.953125
275,0.027097800746560097,0.01700606569647789,nan,0.3003652095794678,inf,0.026527727022767067,0.01677718013525009,nan,0.31140953302383423,786163.375
276,0.0267883762717247,0.016702458262443542,nan,0.28803253173828125,931159.1875,0.02689037285745144,0.016899393871426582,nan,0.315157413482666,276532.09375
277,0.02654973790049553,0.016539456322789192,nan,0.28601598739624023,2752223.75,0.026462417095899582,0.016835611313581467,nan,0.30251285433769226,244500.15625
278,0.02594573050737381,0.01630895584821701,nan,0.2830063998699188,4148841.5,0.02637840434908867,0.01613476499915123,nan,0.29360663890838623,814350.625
279,0.025913076475262642,0.01625879481434822,nan,0.28271931409835815,2812594.0,0.026940008625388145,0.016210149973630905,nan,0.29835501313209534,946818.4375
280,0.02592693455517292,0.016320915892720222,nan,0.28219905495643616,8774523.0,0.02615966647863388,0.016643738374114037,nan,0.30278098583221436,2287312.5
281,0.02597344107925892,0.016214489936828613,nan,0.2844078838825226,4277589.0,0.026118513196706772,0.016281388700008392,nan,0.29713019728660583,2341104.25
282,0.02601674012839794,0.016247281804680824,nan,0.2756548821926117,inf,0.026226336136460304,0.016192007809877396,nan,0.29673269391059875,2049116.25
283,0.026127472519874573,0.01635189913213253,nan,0.28130409121513367,26501070.0,0.02633044868707657,0.016277048736810684,nan,0.29803282022476196,916037.625
284,0.025976357981562614,0.01632092148065567,nan,0.2813853919506073,5629803.5,0.026025859639048576,0.016212645918130875,nan,0.2967151701450348,3446895.75
285,0.02626931108534336,0.01638050377368927,nan,0.281490296125412,3445463.25,0.026216622442007065,0.01645204797387123,nan,0.2993151545524597,617189.0
286,0.026358120143413544,0.016531433910131454,nan,0.28832992911338806,2417412.75,0.02720397152006626,0.01692385785281658,nan,0.308916300535202,670056.3125
287,0.0331924706697464,0.02062608115375042,nan,0.4291805922985077,inf,0.0346086286008358,0.02117358334362507,nan,0.4084209203720093,62191.75390625
288,0.032353438436985016,0.020267587155103683,nan,0.41130727529525757,548320.125,0.03459489345550537,0.021128714084625244,nan,0.43487560749053955,61112.4140625
289,0.029643859714269638,0.018602794036269188,nan,0.35352304577827454,inf,0.029755646362900734,0.018197348341345787,nan,0.34317871928215027,201811.28125
290,0.027189934626221657,0.017059005796909332,nan,0.30099084973335266,974986.75,0.027458753436803818,0.017199520021677017,nan,0.3344725966453552,301361.8125
291,0.026431474834680557,0.016522876918315887,nan,0.2867761552333832,963192.0625,0.027218274772167206,0.017051463946700096,nan,0.3075762093067169,354846.125
292,0.026086237281560898,0.01637483946979046,nan,0.28284624218940735,inf,0.026947906240820885,0.016697095707058907,nan,0.31143397092819214,238441.3125
293,0.026087740436196327,0.016433540731668472,nan,0.2814512848854065,2656568.25,0.026506952941417694,0.016662783920764923,nan,0.3018434941768646,416707.46875
294,0.025747088715434074,0.01622021570801735,nan,0.27687379717826843,2577439.75,0.027288367971777916,0.016554031521081924,nan,0.30326715111732483,376362.5
295,0.026256393641233444,0.016397709026932716,nan,0.27680444717407227,6931276.5,0.026043826714158058,0.016566218808293343,nan,0.3023601174354553,1553701.0
296,0.025673657655715942,0.016052182763814926,nan,0.27232059836387634,6309932.0,0.026134848594665527,0.01631670631468296,nan,0.2985183000564575,2472539.0
297,0.025790095329284668,0.016115553677082062,nan,0.2761882245540619,16243993.0,0.026647482067346573,0.0166624803096056,nan,0.30417129397392273,1157747.25
298,0.025872789323329926,0.016237417235970497,0.23975715041160583,0.27657756209373474,12866346.0,0.02637917920947075,0.016485143452882767,nan,0.30244243144989014,1421249.375
299,0.02588874101638794,0.016216591000556946,nan,0.2769726514816284,inf,0.026499979197978973,0.016599126160144806,nan,0.3027440011501312,752207.875
300,0.02546990104019642,0.016011368483304977,nan,0.2691096365451813,18149172.0,0.02637343667447567,0.01609872281551361,nan,0.29659345746040344,1577083.0
