epoch,loss,residual_loss,val_loss,val_residual_loss
0,0.6166316270828247,0.552452564239502,0.22514864802360535,0.18511691689491272
1,0.19670554995536804,0.15375526249408722,0.1680792272090912,0.12684401869773865
2,0.15799134969711304,0.11541905254125595,0.15359799563884735,0.11183778941631317
3,0.13211758434772491,0.09362299740314484,0.1309707760810852,0.09207231551408768
4,0.12170706689357758,0.08352874219417572,0.11713068187236786,0.0795304998755455
5,0.12357869744300842,0.08366186916828156,0.11312165856361389,0.07446898519992828
6,0.11416078358888626,0.0763365626335144,0.10944585502147675,0.0698077604174614
7,0.1122032180428505,0.07414056360721588,0.10545146465301514,0.06782098114490509
8,0.11234957724809647,0.07367248833179474,0.103817418217659,0.06624998897314072
9,0.10987634211778641,0.07163521647453308,0.10434236377477646,0.06595455855131149
10,0.1136937215924263,0.07491230964660645,0.10432200133800507,0.06572122126817703
11,0.11296523362398148,0.07373818010091782,0.1042681410908699,0.06554362177848816
12,0.10878682881593704,0.07182200253009796,0.10476924479007721,0.06587988138198853
13,0.11001752316951752,0.07308076322078705,0.11135414242744446,0.0707320123910904
14,0.17070059478282928,0.128926083445549,0.17557570338249207,0.13272812962532043
15,0.14945489168167114,0.10882784426212311,0.18432876467704773,0.14183472096920013
16,0.12597022950649261,0.08718042075634003,0.13451142609119415,0.09450220316648483
17,0.12526914477348328,0.08234919607639313,0.11865824460983276,0.07866507768630981
18,0.1195053830742836,0.078227199614048,0.11371751874685287,0.07513595372438431
19,0.11201519519090652,0.07306665182113647,0.10369002819061279,0.06569751352071762
20,0.11607898026704788,0.07485982775688171,0.10774572938680649,0.06937919557094574
21,0.10989585518836975,0.07170798629522324,0.10154572874307632,0.06361899524927139
22,0.11021634936332703,0.0708777979016304,0.1021943911910057,0.0641356110572815
23,0.10642743110656738,0.06876316666603088,0.10354366153478622,0.06456176191568375
24,0.10432156175374985,0.06785931438207626,0.10334853827953339,0.06430654972791672
25,0.10850034654140472,0.07037318497896194,0.10134699195623398,0.06325895339250565
26,0.10774341970682144,0.06892591714859009,0.0996740460395813,0.062160782516002655
27,0.1076965183019638,0.06964973360300064,0.10085839033126831,0.06276612728834152
28,0.1135946661233902,0.07394392788410187,0.10314638167619705,0.06579386442899704
29,0.14091090857982635,0.09984051436185837,0.1383817046880722,0.09832636266946793
30,0.14099256694316864,0.10086755454540253,0.13672585785388947,0.09729958325624466
31,0.12344990670681,0.08418118208646774,0.12565243244171143,0.08629351854324341
32,0.11468944698572159,0.07665403187274933,0.10728443413972855,0.07019906491041183
33,0.11203289031982422,0.07402631640434265,0.11077035218477249,0.0709923654794693
34,0.10945988446474075,0.07161030173301697,0.1063390001654625,0.06780548393726349
35,0.11128414422273636,0.07072783261537552,0.10626602172851562,0.06813963502645493
36,0.1060129776597023,0.06921312212944031,0.10201715677976608,0.0637819766998291
37,0.11075840890407562,0.07091820240020752,0.10278462618589401,0.06468870490789413
38,0.11000201851129532,0.07011497765779495,0.09762785583734512,0.06115313991904259
39,0.11075083166360855,0.0709829106926918,0.10377291589975357,0.06461752951145172
40,0.10701251029968262,0.06905324012041092,0.10083466023206711,0.06261302530765533
41,0.10128836333751678,0.06557247042655945,0.10018924623727798,0.062119487673044205
42,0.10766366869211197,0.0682385042309761,0.10084393620491028,0.06280624866485596
43,0.111255943775177,0.0713217705488205,0.10205119848251343,0.06388639658689499
44,0.12710189819335938,0.0872463583946228,0.13802479207515717,0.09806988388299942
45,0.12680743634700775,0.08775363862514496,0.13908827304840088,0.09919169545173645
46,0.1178167536854744,0.0798286646604538,0.11224173754453659,0.0740654319524765
47,0.1153680756688118,0.07599882781505585,0.11244875937700272,0.07380513101816177
48,0.10957852751016617,0.07240872085094452,0.10436171293258667,0.06733639538288116
49,0.11008185148239136,0.07165343314409256,0.11037842929363251,0.07084346562623978
50,0.10962585359811783,0.07094772160053253,0.10266035795211792,0.06514216214418411
51,0.10682790726423264,0.06841406226158142,0.10095154494047165,0.06294464319944382
52,0.10814835876226425,0.06904833763837814,0.09980934113264084,0.062102850526571274
53,0.1061321571469307,0.06768728792667389,0.10198923945426941,0.06304881721735
54,0.10362857580184937,0.06677732616662979,0.10023990273475647,0.062109071761369705
55,0.10391119867563248,0.06724873930215836,0.1006409078836441,0.06199470907449722
56,0.1030225157737732,0.06610338389873505,0.09969431161880493,0.061403024941682816
57,0.10680892318487167,0.06820788979530334,0.09485096484422684,0.05893316492438316
58,0.108352430164814,0.06972450017929077,0.09865303337574005,0.06128641217947006
59,0.1250569075345993,0.08640564233064651,0.12409621477127075,0.08517412096261978
60,0.11415411531925201,0.07759033143520355,0.12344402074813843,0.08387289941310883
61,0.11151719838380814,0.07413247972726822,0.1153990849852562,0.07657039165496826
62,0.11362280696630478,0.0749514251947403,0.10776561498641968,0.07009141147136688
63,0.1028306633234024,0.0670621246099472,0.1069914847612381,0.07127644121646881
64,0.09969627112150192,0.06505639106035233,0.09732679277658463,0.062338024377822876
65,0.10009878873825073,0.06554955989122391,0.10540973395109177,0.07010913640260696
66,0.0974324643611908,0.06331514567136765,0.0914585292339325,0.05758971348404884
67,0.09453673660755157,0.06189919263124466,0.08783776313066483,0.05474541708827019
68,0.09362852573394775,0.06123010069131851,0.08615338057279587,0.054442036896944046
69,0.094584621489048,0.06147655099630356,0.08438120037317276,0.05305949226021767
70,0.09507906436920166,0.06180539354681969,0.0864177718758583,0.05406832695007324
71,0.0960763469338417,0.06186968460679054,0.08370158821344376,0.05263015255331993
72,0.09576759487390518,0.06172579899430275,0.08360610157251358,0.05246705934405327
73,0.09371745586395264,0.061471324414014816,0.08400314301252365,0.053555868566036224
74,0.10523774474859238,0.07383374869823456,0.09890498220920563,0.07052978128194809
75,0.09992412477731705,0.07155754417181015,0.1646510660648346,0.1326323300600052
76,0.09289214015007019,0.06609101593494415,0.14442677795886993,0.11616739630699158
77,0.09080089628696442,0.06322310864925385,0.08375050872564316,0.06097586452960968
78,0.08707660436630249,0.05938088893890381,0.09631547331809998,0.07249237596988678
79,0.0799834132194519,0.055505890399217606,0.07670478522777557,0.054983533918857574
80,0.08448728919029236,0.05718280002474785,0.06766606867313385,0.04751482233405113
81,0.07664521783590317,0.05306445434689522,0.06581338495016098,0.045493826270103455
82,0.07528356462717056,0.052070483565330505,0.06389831751585007,0.04412613436579704
83,0.08140797913074493,0.054554298520088196,0.06267369538545609,0.043318137526512146
84,0.07568507641553879,0.05197606235742569,0.06515615433454514,0.04520934820175171
85,0.07799609750509262,0.053160905838012695,0.06321769207715988,0.04363885149359703
86,0.07600264251232147,0.05197811871767044,0.06417063623666763,0.04402189701795578
87,0.07487829029560089,0.05135010555386543,0.06244449317455292,0.0427161268889904
88,0.07616758346557617,0.053050410002470016,0.06614027917385101,0.04568490758538246
89,0.08216378092765808,0.06008307263255119,0.10176953673362732,0.08134283870458603
90,0.08684668689966202,0.06191037595272064,0.1037040427327156,0.0816522017121315
91,0.08020348101854324,0.057002510875463486,0.08105793595314026,0.06179189682006836
92,0.07717571407556534,0.05387190729379654,0.08043388277292252,0.06230117753148079
93,0.070079006254673,0.04997580125927925,0.06974106281995773,0.05090736597776413
94,0.07130195200443268,0.050277214497327805,0.07299428433179855,0.055216673761606216
95,0.07279933243989944,0.05071139335632324,0.0677143931388855,0.04977559670805931
96,0.07016149163246155,0.048703595995903015,0.060373276472091675,0.04248528555035591
97,0.07178492844104767,0.049617744982242584,0.05890318751335144,0.04178277403116226
98,0.06881575286388397,0.04791148006916046,0.058348529040813446,0.04116758704185486
99,0.07095301896333694,0.04892319440841675,0.06024597957730293,0.042640794068574905
100,0.07062140107154846,0.049302201718091965,0.05881694704294205,0.041774358600378036
101,0.07316533476114273,0.04971177875995636,0.057218991219997406,0.040607377886772156
102,0.0719919204711914,0.04932074993848801,0.057960379868745804,0.041042864322662354
103,0.0712091401219368,0.049342162907123566,0.05743670463562012,0.04048321023583412
104,0.08066010475158691,0.057645246386528015,0.08836869895458221,0.07016169279813766
105,0.07958970963954926,0.0576019324362278,0.18286965787410736,0.1597634255886078
106,0.07555603235960007,0.0542893148958683,0.15374715626239777,0.13277849555015564
107,0.07828973978757858,0.054105017334222794,0.06904680281877518,0.052047476172447205
108,0.07158554345369339,0.04984564706683159,0.06964905560016632,0.05273902043700218
109,0.07024779915809631,0.04922572523355484,0.07208496332168579,0.05434747785329819
110,0.07075008004903793,0.04871909320354462,0.07067539542913437,0.05421772971749306
111,0.07133221626281738,0.04918225109577179,0.05949416756629944,0.04322463274002075
112,0.06760148704051971,0.04684311896562576,0.05517846345901489,0.039015233516693115
113,0.0654655322432518,0.04577847942709923,0.0559401661157608,0.039689209312200546
114,0.06824248284101486,0.04734961688518524,0.05646343156695366,0.04001956433057785
115,0.06868816167116165,0.04723271727561951,0.056246496737003326,0.04001154750585556
116,0.0640268623828888,0.045106418430805206,0.05491432920098305,0.038763053715229034
117,0.06674805283546448,0.046193674206733704,0.055841460824012756,0.03931865841150284
118,0.07121258229017258,0.04852310195565224,0.05678350478410721,0.04024087265133858
119,0.07876463979482651,0.05637228116393089,0.09639102965593338,0.077987901866436
120,0.0813896581530571,0.05861210823059082,0.09563110768795013,0.07863123714923859
121,0.07319612801074982,0.051588114351034164,0.10968329757452011,0.09115951508283615
122,0.07243438065052032,0.0504176951944828,0.0790523812174797,0.06201324239373207
123,0.06796588003635406,0.04758159816265106,0.06080349534749985,0.044595587998628616
124,0.06640825420618057,0.04607890918850899,0.05531526356935501,0.04018712788820267
125,0.06430935859680176,0.04472941905260086,0.059434086084365845,0.04338541626930237
126,0.06740547716617584,0.04659505560994148,0.05801106616854668,0.04276406392455101
127,0.06424590945243835,0.044975485652685165,0.05350290983915329,0.03794628754258156
128,0.0667441263794899,0.04584893211722374,0.054412126541137695,0.03912752866744995
129,0.06429114192724228,0.044644881039857864,0.053135160356760025,0.038301728665828705
130,0.06237975135445595,0.043985892087221146,0.05318263918161392,0.03779353201389313
131,0.06298708915710449,0.0440836064517498,0.0515969954431057,0.036748770624399185
132,0.0638011023402214,0.04424041509628296,0.05225292593240738,0.03714929148554802
133,0.06424757838249207,0.04482880234718323,0.054543931037187576,0.039338625967502594
134,0.07608277350664139,0.05515521392226219,0.08537206798791885,0.06757830083370209
135,0.07466525584459305,0.05331819877028465,0.13754381239414215,0.1172831803560257
136,0.07095157355070114,0.05057239532470703,0.09775178134441376,0.07739624381065369
137,0.07418081164360046,0.05231596156954765,0.060452111065387726,0.044114433228969574
138,0.07072114199399948,0.04868536442518234,0.06434404104948044,0.047517433762550354
139,0.06642603874206543,0.046665776520967484,0.05922841280698776,0.04298017919063568
140,0.06661361455917358,0.04674298316240311,0.0568690150976181,0.041277091950178146
141,0.06705103814601898,0.04653722420334816,0.053058475255966187,0.0381440669298172
142,0.06292100995779037,0.04436853528022766,0.055290818214416504,0.039596591144800186
143,0.06311823427677155,0.04424002394080162,0.055867161601781845,0.04025476053357124
144,0.06456470489501953,0.044750671833753586,0.053268205374479294,0.0381472148001194
145,0.06780333817005157,0.04701363295316696,0.05469593405723572,0.039062708616256714
146,0.06632330268621445,0.04566681385040283,0.05296221747994423,0.037455521523952484
147,0.06457085907459259,0.0447683110833168,0.05352287366986275,0.03801281377673149
148,0.06605657190084457,0.04576539620757103,0.055826522409915924,0.04037850350141525
149,0.07391797751188278,0.052082326263189316,0.08119136840105057,0.06442232429981232
150,0.07281551510095596,0.05294382572174072,0.07281147688627243,0.05686424672603607
151,0.06557347625494003,0.04674829915165901,0.06361141055822372,0.04799393191933632
152,0.06701996922492981,0.04668637365102768,0.05533650517463684,0.040965475142002106
153,0.06463231146335602,0.04500420019030571,0.0668887123465538,0.051780037581920624
154,0.06388559937477112,0.04465421661734581,0.04945256561040878,0.035037633031606674
155,0.06766974925994873,0.046134769916534424,0.05165528506040573,0.037045612931251526
156,0.05982538312673569,0.04241245612502098,0.054322682321071625,0.04013438895344734
157,0.06356211751699448,0.044361092150211334,0.04917805269360542,0.03486110270023346
158,0.06174026429653168,0.04293343052268028,0.04885609447956085,0.034482020884752274
159,0.06024259328842163,0.042189065366983414,0.05046600475907326,0.035592395812273026
160,0.06709624826908112,0.04585894197225571,0.04735662415623665,0.03338749334216118
161,0.0632871463894844,0.043738480657339096,0.047770846635103226,0.033772364258766174
162,0.06460313498973846,0.04492409527301788,0.048430293798446655,0.03402363508939743
163,0.0648299977183342,0.0447055920958519,0.06281331926584244,0.04815377667546272
164,0.06534095108509064,0.04685387387871742,0.06959819048643112,0.05413990095257759
165,0.06891779601573944,0.04869719222187996,0.21610744297504425,0.1939878612756729
166,0.06400790065526962,0.045485880225896835,0.08886714279651642,0.07224991917610168
167,0.061525195837020874,0.04349662736058235,0.06891647726297379,0.05446337163448334
168,0.06397833675146103,0.04471941664814949,0.05098456144332886,0.037282831966876984
169,0.06123103201389313,0.0428449884057045,0.052949029952287674,0.03932785615324974
170,0.06243370100855827,0.043453264981508255,0.05065315216779709,0.03693375736474991
171,0.06286194175481796,0.04351387545466423,0.04984661936759949,0.03586351126432419
172,0.0628308430314064,0.04343502223491669,0.0557832270860672,0.04172943904995918
173,0.0629810020327568,0.04332084208726883,0.05164782702922821,0.03768105432391167
174,0.062208760529756546,0.042830221354961395,0.04640259966254234,0.03290174528956413
175,0.06049986928701401,0.04185887798666954,0.047201793640851974,0.033824432641267776
176,0.05901263281702995,0.04156363010406494,0.04587676748633385,0.032523639500141144
177,0.059872545301914215,0.04162024334073067,0.0476924404501915,0.03351258486509323
178,0.06053788587450981,0.04223138839006424,0.04778977856040001,0.03362955152988434
179,0.06500785052776337,0.0454535037279129,0.07396094501018524,0.058752596378326416
180,0.0629514753818512,0.044163092970848083,0.06582974642515182,0.051353346556425095
181,0.05969197675585747,0.04253784194588661,0.057652201503515244,0.043405283242464066
182,0.06094228848814964,0.042761772871017456,0.05417938157916069,0.04043008014559746
183,0.05831664055585861,0.04111294820904732,0.04789440333843231,0.03476809710264206
184,0.05829347297549248,0.04111268371343613,0.048410557210445404,0.03489874303340912
185,0.062278032302856445,0.04311146214604378,0.04759925976395607,0.033849239349365234
186,0.06303984671831131,0.043057531118392944,0.04694017395377159,0.03350920230150223
187,0.061870381236076355,0.0419730618596077,0.043646302074193954,0.03125077486038208
188,0.05787349119782448,0.04067755863070488,0.04499102756381035,0.031682319939136505
189,0.061644602566957474,0.04276295006275177,0.04431949928402901,0.03145003318786621
190,0.0571390762925148,0.04055073857307434,0.045285291969776154,0.03210220858454704
191,0.06045345216989517,0.04186510667204857,0.044524285942316055,0.03147052600979805
192,0.0619085431098938,0.042871903628110886,0.0445530004799366,0.03147256746888161
193,0.05926639959216118,0.04154154285788536,0.04560285434126854,0.03256449103355408
194,0.06712553650140762,0.04722657427191734,0.05584999546408653,0.0414111465215683
195,0.06175129860639572,0.04353189095854759,0.06467989832162857,0.05079953745007515
196,0.06161757931113243,0.0433618500828743,0.05823652818799019,0.044334158301353455
197,0.05842536315321922,0.04128572344779968,0.0506175272166729,0.03778863698244095
198,0.05961672216653824,0.04150255024433136,0.04827312007546425,0.03508634865283966
199,0.05604218691587448,0.03985625505447388,0.04502379521727562,0.032457493245601654
200,0.056861523538827896,0.04026702046394348,0.04647871106863022,0.03354542329907417
201,0.0601387582719326,0.04173024371266365,0.045230887830257416,0.03233613073825836
202,0.055763084441423416,0.03900151699781418,0.04257450997829437,0.030356546863913536
203,0.05786404386162758,0.040420208126306534,0.04538475349545479,0.03220045194029808
204,0.05637644976377487,0.03958927467465401,0.043086592108011246,0.030385127291083336
205,0.05790988728404045,0.04010371118783951,0.0435388907790184,0.030837953090667725
206,0.05995409935712814,0.04080216586589813,0.04297669976949692,0.030372297391295433
207,0.05933571234345436,0.04059853404760361,0.04274648427963257,0.030366387218236923
208,0.05882382020354271,0.040658123791217804,0.04491913318634033,0.03216211125254631
209,0.06187853962182999,0.04375402629375458,0.054893821477890015,0.041904620826244354
210,0.061337489634752274,0.04334630072116852,0.05247906222939491,0.03936828300356865
211,0.06267467886209488,0.04342874512076378,0.04932105913758278,0.03640040382742882
212,0.06308944523334503,0.04381619393825531,0.0465022549033165,0.03400608152151108
213,0.05469402298331261,0.039101000875234604,0.046723622828722,0.03389699012041092
214,0.0616745799779892,0.04223967716097832,0.04537695273756981,0.03257770836353302
215,0.05587438866496086,0.03884023055434227,0.046014849096536636,0.03352978825569153
216,0.056126512587070465,0.03908621892333031,0.045299019664525986,0.03303360939025879
217,0.058815449476242065,0.04071498289704323,0.042936116456985474,0.03072335012257099
218,0.05848866328597069,0.039970822632312775,0.043413784354925156,0.03055085428059101
219,0.056724999099969864,0.03912856802344322,0.04116643965244293,0.029167646542191505
220,0.05829021334648132,0.040132857859134674,0.042299237102270126,0.029938112944364548
221,0.056620173156261444,0.03931009769439697,0.04104091227054596,0.029077211394906044
222,0.05583352595567703,0.0390419140458107,0.04231182485818863,0.02981758490204811
223,0.05707141011953354,0.03995254263281822,0.04268388822674751,0.030356116592884064
224,0.06122475489974022,0.0433097705245018,0.05364742502570152,0.04092540591955185
225,0.05962725728750229,0.04194122552871704,0.04468410834670067,0.0326143242418766
226,0.05575523152947426,0.04002958908677101,0.04698906093835831,0.034643180668354034
227,0.056734848767519,0.03989143669605255,0.046054545789957047,0.03380384296178818
228,0.05595932528376579,0.03975656256079674,0.0471910685300827,0.034284986555576324
229,0.057650864124298096,0.04004741832613945,0.04546964541077614,0.03303367272019386
230,0.06078863888978958,0.041815970093011856,0.04521336033940315,0.03312896937131882
231,0.05983376130461693,0.040302712470293045,0.04216519370675087,0.03000633977353573
232,0.055002909153699875,0.038367096334695816,0.041667163372039795,0.029770378023386
233,0.057735394686460495,0.03996957093477249,0.04235151782631874,0.03004535101354122
234,0.055883944034576416,0.03904305770993233,0.04155898839235306,0.029439939185976982
235,0.055444102734327316,0.03899088874459267,0.041484933346509933,0.029313867911696434
236,0.054241787642240524,0.03791417181491852,0.04031795263290405,0.028592558577656746
237,0.0573616549372673,0.03995813801884651,0.04070859029889107,0.028770213946700096
238,0.060895442962646484,0.040869731456041336,0.04327920079231262,0.030932236462831497
239,0.05831701308488846,0.041526734828948975,0.05055306479334831,0.03622954711318016
240,0.061585165560245514,0.04277094826102257,0.04880332574248314,0.03631013259291649
241,0.05541255697607994,0.0395033098757267,0.05100763216614723,0.03844138979911804
242,0.05900641530752182,0.04099176451563835,0.04687470942735672,0.03408700227737427
243,0.05712388828396797,0.03986199200153351,0.048816122114658356,0.03651396930217743
244,0.057917725294828415,0.03995242714881897,0.04595007747411728,0.03405364602804184
245,0.05805625766515732,0.03962945565581322,0.042659491300582886,0.03073575347661972
246,0.054370369762182236,0.038104888051748276,0.042556844651699066,0.030371414497494698
247,0.05561089143157005,0.03858022764325142,0.03968096524477005,0.028316060081124306
248,0.05613139644265175,0.03918713331222534,0.039507169276475906,0.02812330052256584
249,0.053092263638973236,0.03719465807080269,0.041050203144550323,0.029107019305229187
250,0.05606215447187424,0.03901170194149017,0.039402034133672714,0.02816053107380867
251,0.05206610634922981,0.03689291328191757,0.04000985994935036,0.028384888544678688
252,0.05307845398783684,0.03780616074800491,0.03948380425572395,0.028006618842482567
253,0.053096890449523926,0.03752034530043602,0.03947536647319794,0.0282010305672884
254,0.05970209836959839,0.04145476222038269,0.04697869345545769,0.03436483442783356
255,0.058888234198093414,0.041293561458587646,0.04917106777429581,0.0365946888923645
256,0.05868604779243469,0.040647510439157486,0.04774745553731918,0.03538068011403084
257,0.05599150061607361,0.03904221951961517,0.04542034864425659,0.03334135562181473
258,0.05566282197833061,0.03838958591222763,0.041973285377025604,0.03004205971956253
259,0.05544578656554222,0.038143668323755264,0.04057670012116432,0.029454674571752548
260,0.05590205639600754,0.03833998367190361,0.040099021047353745,0.028441371396183968
261,0.059381961822509766,0.04078047722578049,0.04045533016324043,0.029071567580103874
262,0.05484892055392265,0.038451340049505234,0.04077587276697159,0.029000991955399513
263,0.055444564670324326,0.03807731345295906,0.04208621382713318,0.029963446781039238
264,0.051370784640312195,0.03666439279913902,0.04007406905293465,0.028543489053845406
265,0.05513591691851616,0.03831738233566284,0.039605047553777695,0.02807578071951866
266,0.053494036197662354,0.037632014602422714,0.03940502554178238,0.02782144770026207
267,0.052479591220617294,0.03687768056988716,0.03979203477501869,0.028109943494200706
268,0.05159684270620346,0.03694088011980057,0.04027416557073593,0.028850771486759186
269,0.05964365229010582,0.04152041673660278,0.05873090773820877,0.04623185098171234
270,0.06036900728940964,0.041729461401700974,0.045116130262613297,0.033191561698913574
271,0.05432550236582756,0.03860734403133392,0.0454719215631485,0.033294301480054855
272,0.060673560947179794,0.04051331430673599,0.04482393339276314,0.03315351903438568
273,0.05517321825027466,0.03840778023004532,0.041348449885845184,0.030007395893335342
274,0.052299074828624725,0.03643826022744179,0.03933800011873245,0.028393158689141273
275,0.05616910383105278,0.0382697619497776,0.038764044642448425,0.027475111186504364
276,0.0551106296479702,0.03849562257528305,0.03821347653865814,0.027170784771442413
277,0.05385894700884819,0.03719104826450348,0.038034096360206604,0.027162089943885803
278,0.05172950401902199,0.036480486392974854,0.038097038865089417,0.027029968798160553
279,0.051950603723526,0.03629467263817787,0.038655951619148254,0.027518849819898605
280,0.055050596594810486,0.03573724627494812,0.03904695063829422,0.027556274086236954
281,0.054129574447870255,0.03723682090640068,0.038840942084789276,0.02735082432627678
282,0.051738616079092026,0.03633559122681618,0.03987332805991173,0.027986783534288406
283,0.057267528027296066,0.03906628489494324,0.040017902851104736,0.02842572331428528
284,0.05573204904794693,0.03917018324136734,0.05671883374452591,0.04413652792572975
285,0.05663752555847168,0.039675273001194,0.04843977466225624,0.036072567105293274
286,0.05508488416671753,0.038437433540821075,0.0506478026509285,0.038533810526132584
287,0.05303271487355232,0.037461116909980774,0.04333903267979622,0.031891074031591415
288,0.05454586073756218,0.037859976291656494,0.03922784700989723,0.02802332676947117
289,0.0548212006688118,0.038017936050891876,0.03917509317398071,0.028079748153686523
290,0.049738410860300064,0.03514203429222107,0.04082926735281944,0.029322024434804916
291,0.0518530011177063,0.03638490289449692,0.038325123488903046,0.02721497043967247
292,0.0518495999276638,0.036564674228429794,0.03727687895298004,0.026646574959158897
293,0.05149611085653305,0.03610406070947647,0.03727614879608154,0.026405490934848785
294,0.05299989506602287,0.03691210597753525,0.03836080804467201,0.027128128334879875
295,0.05209442973136902,0.03660332411527634,0.038855116814374924,0.027272416278719902
296,0.05070144310593605,0.03523722290992737,0.037159428000450134,0.026266388595104218
297,0.05261978507041931,0.03649381548166275,0.03686327114701271,0.026121297851204872
298,0.05678940564393997,0.03843744099140167,0.03738836944103241,0.02656405419111252
299,0.05860425904393196,0.0410313680768013,0.0474126823246479,0.035413384437561035
300,0.05955452471971512,0.04094361513853073,0.054343331605196,0.04215512052178383
301,0.05381264165043831,0.03785492479801178,0.0475795678794384,0.03582187369465828
302,0.05571558326482773,0.038577791303396225,0.04081856831908226,0.029939617961645126
303,0.055508144199848175,0.038104355335235596,0.039560627192258835,0.02829074114561081
304,0.0558115653693676,0.03822438046336174,0.03936828672885895,0.02825881540775299
305,0.050907935947179794,0.03545987233519554,0.0389433354139328,0.027507860213518143
306,0.05161024630069733,0.035576216876506805,0.03881540521979332,0.027677807956933975
307,0.05292621999979019,0.037145111709833145,0.036591071635484695,0.026159074157476425
308,0.054410964250564575,0.03684111684560776,0.03630721569061279,0.025668226182460785
309,0.05672949552536011,0.03734777867794037,0.0375882163643837,0.026556722819805145
310,0.05014598369598389,0.03511675074696541,0.035757847130298615,0.025433087721467018
311,0.0558011494576931,0.03796729817986488,0.03591613844037056,0.025493161752820015
312,0.05498461052775383,0.037491314113140106,0.03804047405719757,0.026808857917785645
313,0.054297465831041336,0.03723972290754318,0.03820673003792763,0.026956241577863693
314,0.05417703464627266,0.03774102032184601,0.1044107973575592,0.08998318016529083
315,0.05434209480881691,0.038316089659929276,0.045092660933732986,0.033856164664030075
316,0.05290659889578819,0.037064723670482635,0.03936057537794113,0.028281856328248978
317,0.05455310270190239,0.03770076483488083,0.04333267733454704,0.03177471086382866
318,0.05323729291558266,0.03670164942741394,0.041667353361845016,0.030257655307650566
319,0.04973035678267479,0.03506365045905113,0.03805607557296753,0.026977095752954483
320,0.052818357944488525,0.03670063614845276,0.03847424313426018,0.027807433158159256
321,0.051384489983320236,0.035714104771614075,0.03807222470641136,0.02720687910914421
322,0.0499500073492527,0.03514238819479942,0.037680428475141525,0.026792308315634727
323,0.055675163865089417,0.037832435220479965,0.035284772515296936,0.02513173781335354
324,0.04929351806640625,0.034943174570798874,0.03594125434756279,0.02547433227300644
325,0.051930129528045654,0.03545427694916725,0.03551210090517998,0.025183076038956642
326,0.05363594368100166,0.03702320531010628,0.035731956362724304,0.025291966274380684
327,0.0545203797519207,0.03742911294102669,0.036596138030290604,0.02583114430308342
328,0.051969848573207855,0.03614018112421036,0.03684888407588005,0.02638028934597969
329,0.05152062699198723,0.036624252796173096,0.0456269346177578,0.03403662145137787
330,0.054793618619441986,0.038218360394239426,0.04240521416068077,0.03101900964975357
331,0.05399679020047188,0.03730035945773125,0.043658994138240814,0.03239097818732262
332,0.050642311573028564,0.0357443168759346,0.0397498719394207,0.028590204194188118
333,0.05312712863087654,0.03661241754889488,0.03746844455599785,0.027004307135939598
334,0.05161214992403984,0.03594284877181053,0.03814523667097092,0.027125094085931778
335,0.05007551982998848,0.035059526562690735,0.037418950349092484,0.026371337473392487
336,0.05214514210820198,0.03587888553738594,0.035926785320043564,0.02548210136592388
337,0.0508783794939518,0.035615500062704086,0.03541706129908562,0.025209907442331314
338,0.04986734315752983,0.034993965178728104,0.037669893354177475,0.026604022830724716
339,0.052033111453056335,0.03561026602983475,0.037427958101034164,0.026413138955831528
340,0.04951421543955803,0.03479763865470886,0.03574205935001373,0.02522432804107666
341,0.048799555748701096,0.03398020565509796,0.035521116107702255,0.025076206773519516
342,0.048747047781944275,0.034234724938869476,0.03551724925637245,0.025020325556397438
343,0.048617638647556305,0.03424689918756485,0.03681448847055435,0.0260954350233078
344,0.05486348643898964,0.038469646126031876,0.050512898713350296,0.039124395698308945
345,0.050713490694761276,0.03620842099189758,0.04996445029973984,0.038306813687086105
346,0.05384339764714241,0.037360019981861115,0.04239394888281822,0.03136168792843819
347,0.05289294943213463,0.03645582124590874,0.04081372916698456,0.029997535049915314
348,0.049636662006378174,0.035164348781108856,0.03980134055018425,0.028742121532559395
349,0.05408256873488426,0.03662014380097389,0.03876315429806709,0.02781999669969082
350,0.05192287266254425,0.036040276288986206,0.03808055445551872,0.027505891397595406
351,0.05067640542984009,0.03483729809522629,0.03659022971987724,0.026333637535572052
352,0.05249479040503502,0.03609220311045647,0.0368751659989357,0.026068702340126038
353,0.05236872658133507,0.03598157688975334,0.03580494597554207,0.0252834465354681
354,0.049145717173814774,0.03419779613614082,0.036359068006277084,0.025706611573696136
355,0.05129815638065338,0.03492889925837517,0.034459665417671204,0.02444431185722351
356,0.051138438284397125,0.03535905480384827,0.03526546061038971,0.02502022683620453
357,0.049473077058792114,0.03430715203285217,0.03587786853313446,0.025158654898405075
358,0.05109226703643799,0.035209137946367264,0.03575729578733444,0.025345897302031517
359,0.0545099601149559,0.03789738193154335,0.042393848299980164,0.03133823722600937
360,0.0543551966547966,0.037724919617176056,0.046175386756658554,0.03464389592409134
361,0.053841482847929,0.03642262518405914,0.048806995153427124,0.03772272169589996
362,0.05205613002181053,0.03561771661043167,0.03935207054018974,0.028836460784077644
363,0.050110846757888794,0.035087741911411285,0.03773629292845726,0.027068812400102615
364,0.05315481126308441,0.03640752285718918,0.03656759858131409,0.026321329176425934
365,0.047898564487695694,0.03361895680427551,0.035849761217832565,0.025520484894514084
366,0.04859410226345062,0.03399450331926346,0.036493413150310516,0.026031842455267906
367,0.05085719749331474,0.03501909226179123,0.03542239964008331,0.02502232976257801
368,0.047779183834791183,0.033520087599754333,0.035089123994112015,0.024818338453769684
369,0.04951588809490204,0.03449537977576256,0.03504960983991623,0.024727758020162582
370,0.05152285844087601,0.03546220436692238,0.03434127941727638,0.024254538118839264
371,0.0480273962020874,0.033211614936590195,0.034410808235406876,0.024284716695547104
372,0.04941175878047943,0.034124284982681274,0.03441174700856209,0.024267500266432762
373,0.049436043947935104,0.034544192254543304,0.0362713448703289,0.025564255192875862
374,0.05215093120932579,0.036292195320129395,0.04111187905073166,0.030175000429153442
375,0.0500752255320549,0.035262301564216614,0.04640813171863556,0.03527740761637688
376,0.055052805691957474,0.037642545998096466,0.043475497514009476,0.03250684216618538
377,0.0497671514749527,0.03457649424672127,0.038153138011693954,0.027101293206214905
378,0.05340490862727165,0.03687453642487526,0.035719260573387146,0.025422142818570137
379,0.05443927273154259,0.03639699146151543,0.03585530444979668,0.02566659078001976
380,0.051014650613069534,0.035178326070308685,0.03677932173013687,0.026210373267531395
381,0.0522945336997509,0.03572770208120346,0.0350329726934433,0.02497059293091297
382,0.04894861578941345,0.034105729311704636,0.03646744415163994,0.02566034533083439
383,0.04784488305449486,0.033067379146814346,0.03403889015316963,0.024057090282440186
384,0.05352426692843437,0.036010775715112686,0.03502378240227699,0.024585850536823273
385,0.04978575557470322,0.03420252725481987,0.03536590188741684,0.024861620739102364
386,0.052334439009428024,0.03505155071616173,0.03435051813721657,0.024350106716156006
387,0.0472247451543808,0.0331258662045002,0.03333055227994919,0.023617135360836983
388,0.04917624965310097,0.03366803377866745,0.035394761711359024,0.02503264509141445
389,0.05162367597222328,0.0358431413769722,0.04211663827300072,0.031281404197216034
390,0.05005989223718643,0.035400956869125366,0.04706951603293419,0.036117419600486755
391,0.052915219217538834,0.03659613057971001,0.04331643506884575,0.03264554589986801
392,0.05330042541027069,0.035552602261304855,0.037747059017419815,0.027071794494986534
393,0.048602741211652756,0.03425970301032066,0.03567694500088692,0.0255571436136961
394,0.04980548098683357,0.0346769280731678,0.0372900553047657,0.02689197100698948
395,0.05039875954389572,0.03433727100491524,0.036657966673374176,0.026379594579339027
396,0.04921913146972656,0.03406475484371185,0.03397820517420769,0.024019872769713402
397,0.05338681489229202,0.036140475422143936,0.034738797694444656,0.02477591671049595
398,0.04925333335995674,0.03413556516170502,0.034111592918634415,0.02413019724190235
399,0.05084674060344696,0.03501898795366287,0.03494877368211746,0.02457262948155403
400,0.05006391182541847,0.03464489430189133,0.034278787672519684,0.02410876750946045
401,0.04822196066379547,0.03349873796105385,0.03496687486767769,0.024484625086188316
402,0.05017535388469696,0.03406206890940666,0.0347374826669693,0.02435855008661747
403,0.05037699267268181,0.03460414707660675,0.035010505467653275,0.024863630533218384
404,0.05289383977651596,0.03677191585302353,0.0464630126953125,0.03599364683032036
405,0.051555145531892776,0.035696644335985184,0.04064473137259483,0.03067683055996895
406,0.05286550521850586,0.036208104342222214,0.039445411413908005,0.028671078383922577
407,0.04873780906200409,0.03415265679359436,0.03723355382680893,0.027125807479023933
408,0.04854166507720947,0.03376999869942665,0.03803582862019539,0.027465850114822388
409,0.05020894110202789,0.034750763326883316,0.03602886199951172,0.02579488605260849
410,0.05189545452594757,0.035653725266456604,0.033286239951848984,0.023693308234214783
411,0.052162300795316696,0.03557363152503967,0.034144241362810135,0.0243087001144886
412,0.04812835529446602,0.03355414792895317,0.03412249684333801,0.024209339171648026
413,0.0503586083650589,0.03492921590805054,0.03472810983657837,0.024400658905506134
414,0.049613259732723236,0.03429950028657913,0.03326435014605522,0.023553207516670227
415,0.0470668226480484,0.033271707594394684,0.034534286707639694,0.02420114539563656
416,0.046298231929540634,0.03274470195174217,0.032937873154878616,0.023214595392346382
417,0.04811450093984604,0.03347015008330345,0.03385792672634125,0.023821275681257248
418,0.04882340878248215,0.03407729044556618,0.034361716359853745,0.02412494085729122
419,0.05199038237333298,0.03644157201051712,0.04344988241791725,0.03313084691762924
420,0.050129275768995285,0.03508735075592995,0.03548847511410713,0.025633180513978004
421,0.04944460466504097,0.03430692479014397,0.037208441644907,0.027049658820033073
422,0.054070450365543365,0.03634967282414436,0.037580110132694244,0.027814650908112526
423,0.04956912249326706,0.03455716744065285,0.03658388555049896,0.026056714355945587
424,0.051833558827638626,0.03537506237626076,0.033872466534376144,0.024191832169890404
425,0.048666536808013916,0.033457402139902115,0.03377410024404526,0.0239888783544302
426,0.04867694154381752,0.03394675999879837,0.034994084388017654,0.02490055561065674
427,0.050718627870082855,0.03437362238764763,0.032863814383745193,0.023180674761533737
428,0.04740247130393982,0.032856717705726624,0.0337136872112751,0.02372658997774124
429,0.04686891660094261,0.032790735363960266,0.03305237740278244,0.023376045748591423
430,0.0482175275683403,0.03335132822394371,0.034099873155355453,0.0238929595798254
431,0.04956618696451187,0.03424478694796562,0.03332151845097542,0.023394940420985222
432,0.045419879257678986,0.03224148601293564,0.03295901045203209,0.023117126896977425
433,0.050850074738264084,0.03476729243993759,0.033660367131233215,0.02379215508699417
434,0.05216269567608833,0.03601028397679329,0.04315591976046562,0.03204842656850815
435,0.05182337760925293,0.0358520969748497,0.040081411600112915,0.02970128320157528
436,0.05118495970964432,0.03519679605960846,0.04136814922094345,0.031231500208377838
437,0.05321155861020088,0.036201924085617065,0.037406764924526215,0.027353117242455482
438,0.04813690856099129,0.03361068665981293,0.034668102860450745,0.024848056957125664
439,0.047156792134046555,0.03318976238369942,0.033985789865255356,0.02408875711262226
440,0.049476783722639084,0.034347087144851685,0.03401029109954834,0.02388136088848114
441,0.04771379381418228,0.033004045486450195,0.033909618854522705,0.02382686547935009
442,0.04924676567316055,0.03406814858317375,0.033701203763484955,0.023762675002217293
443,0.046354688704013824,0.03283679112792015,0.03336068242788315,0.023465372622013092
444,0.04869737848639488,0.03362240642309189,0.03389633074402809,0.02364576794207096
445,0.049647167325019836,0.03382006287574768,0.033365607261657715,0.023464584723114967
446,0.05034098029136658,0.03435879573225975,0.0333867147564888,0.023374199867248535
447,0.05144762247800827,0.03455230966210365,0.03446945548057556,0.02398626320064068
448,0.05276605114340782,0.035392675548791885,0.03616778180003166,0.02603180892765522
449,0.04983864724636078,0.03456611558794975,0.040700796991586685,0.03079274855554104
450,0.050880469381809235,0.03482498228549957,0.037256158888339996,0.02736130729317665
451,0.05127910524606705,0.035566672682762146,0.03392016515135765,0.024402720853686333
452,0.05047635734081268,0.034841910004615784,0.03582392632961273,0.025939663872122765
453,0.05089091882109642,0.03471892699599266,0.035751525312662125,0.025750845670700073
454,0.04798998683691025,0.03316742926836014,0.03412683308124542,0.02401437610387802
455,0.04926852136850357,0.034216854721307755,0.034626130014657974,0.024712199345231056
456,0.04638219624757767,0.031848397105932236,0.034323886036872864,0.024423034861683846
457,0.047964826226234436,0.033202964812517166,0.032920509576797485,0.0232541561126709
458,0.04689514636993408,0.03305311128497124,0.03266531229019165,0.022979525849223137
459,0.05073266103863716,0.034616854041814804,0.03305210918188095,0.02334899641573429
460,0.046977244317531586,0.03280428797006607,0.03364510089159012,0.023458974435925484
461,0.046980731189250946,0.032757122069597244,0.03178700804710388,0.022398201748728752
462,0.04583146795630455,0.03199699893593788,0.0324193611741066,0.022749027237296104
463,0.05041515454649925,0.034281935542821884,0.032430946826934814,0.022931374609470367
464,0.05384058505296707,0.03662331402301788,0.048690568655729294,0.03811816871166229
465,0.050281304866075516,0.03510577604174614,0.03819133713841438,0.027872364968061447
466,0.050880540162324905,0.03490550071001053,0.038707830011844635,0.02877349779009819
467,0.048420850187540054,0.03405012935400009,0.03486887738108635,0.025160767138004303
468,0.04977448284626007,0.03444988653063774,0.03583090007305145,0.025609105825424194
469,0.049593616276979446,0.03365980461239815,0.03436458483338356,0.02424800395965576
470,0.0502588264644146,0.0345100462436676,0.033830951899290085,0.02390589565038681
471,0.04755342751741409,0.03274202346801758,0.03487427905201912,0.02468990348279476
472,0.046610817313194275,0.03233041614294052,0.03279082477092743,0.023199783638119698
473,0.04713470861315727,0.032828234136104584,0.031946949660778046,0.022557420656085014
474,0.04717845469713211,0.03252467140555382,0.032243967056274414,0.02267368882894516
475,0.04944875091314316,0.033718038350343704,0.03363553434610367,0.02356932871043682
476,0.04484705626964569,0.03108886256814003,0.03257593512535095,0.0228283554315567
477,0.04551513120532036,0.031792428344488144,0.03227447718381882,0.022681836038827896
478,0.047070957720279694,0.03292449563741684,0.034141067415475845,0.024358311668038368
479,0.04829632490873337,0.03397820517420769,0.04041527584195137,0.030086608603596687
480,0.05130203068256378,0.0353345163166523,0.037272196263074875,0.027334066107869148
481,0.049033887684345245,0.03365645185112953,0.038074418902397156,0.027811743319034576
482,0.048553019762039185,0.03338736295700073,0.03793907165527344,0.027598422020673752
483,0.04776680842041969,0.033081069588661194,0.03593432158231735,0.026177633553743362
484,0.04781898111104965,0.033110737800598145,0.03376610577106476,0.02372194267809391
485,0.04751312732696533,0.03310033306479454,0.03234328702092171,0.022968707606196404
486,0.04553809016942978,0.03171468898653984,0.03333311900496483,0.023351822048425674
487,0.04690816253423691,0.032362379133701324,0.03251045569777489,0.022901760414242744
488,0.048187024891376495,0.03305124118924141,0.032119475305080414,0.022572437301278114
489,0.04556979238986969,0.032119039446115494,0.032071471214294434,0.022530142217874527
490,0.0487375482916832,0.033331263810396194,0.032409824430942535,0.022707153111696243
491,0.04740769416093826,0.03294113278388977,0.03163696080446243,0.02221881039440632
492,0.0479278601706028,0.03306880220770836,0.03293426334857941,0.023026129230856895
493,0.050494205206632614,0.034377600997686386,0.032619692385196686,0.023209575563669205
494,0.04742033779621124,0.033375974744558334,0.036333851516246796,0.02623891271650791
495,0.05070881173014641,0.035172101110219955,0.040856871753931046,0.03104426898062229
496,0.05276153236627579,0.03544709086418152,0.038642484694719315,0.02878277376294136
497,0.04631766676902771,0.03272382915019989,0.038405802100896835,0.028465017676353455
498,0.04891727864742279,0.03372599929571152,0.03396973758935928,0.023913482204079628
499,0.05138854309916496,0.03465557470917702,0.034201592206954956,0.02465810254216194
500,0.04936136305332184,0.03391103819012642,0.03332951292395592,0.02377544902265072
501,0.05046873167157173,0.03424569219350815,0.03200593590736389,0.02253071404993534
502,0.04610747471451759,0.032005757093429565,0.03234105184674263,0.022923313081264496
503,0.045303039252758026,0.03144247084856033,0.03208326920866966,0.022575106471776962
504,0.04718748480081558,0.03277323395013809,0.03134840354323387,0.022092672064900398
505,0.04944637790322304,0.033828333020210266,0.03267182782292366,0.02280241996049881
506,0.04552370309829712,0.03136923909187317,0.03164970502257347,0.02220524661242962
507,0.046332698315382004,0.03207024186849594,0.031123721972107887,0.02198977582156658
508,0.04502261430025101,0.031090062111616135,0.03418610244989395,0.024216366931796074
509,0.05181475728750229,0.03527379035949707,0.03963041305541992,0.02920275740325451
510,0.04794542118906975,0.033954985439777374,0.0384233258664608,0.02831188030540943
511,0.04704385623335838,0.033002834767103195,0.035612158477306366,0.025836415588855743
